Игрок;Дата увольнения;Причина увольнения;Департамент увольнения;Дата принятия;Департамент принятия;Дней прошло;Был уволен из принимающего департамента до принятия?
Mark_Fantola;2026-06-09 08:56:34;выдача предупреждения;LSPD;2026-06-10 14:01:22;LSPD;1;Да
Mikhail_Pushnoi;2026-06-07 14:51:11;отчислен (игнорирование лектора);SFPD;2026-06-07 16:12:42;SFPD;0;Да
Valeriy_Zmizhenko;2026-06-08 20:26:35;нумвд;LVPD;2026-06-08 21:10:20;SFPD;0;Нет
Emanuel_Gucci;2026-06-10 14:02:37;выдача предупреждения;LSPD;2026-06-11 03:00:08;LSPD;0;Да
White_Mahone;2026-06-06 16:37:38;отчислен.;LSPD;2026-06-08 12:43:40;SFPD;1;Нет
William_Edward;2026-06-08 16:30:46;отчислен.;LSPD;2026-06-08 16:40:49;SFPD;0;Нет
Sadam_Hussein;2026-06-09 14:03:22;отчислен из академии;SFPD;2026-06-09 17:13:19;SFPD;0;Да
Ilysha_Monesy;2026-06-11 17:25:41;отчислен;LSPD;2026-06-11 21:58:10;FBI;0;Нет
Yuudai_Yuu;2026-06-11 17:25:11;отчислен;LSPD;2026-06-11 21:58:17;FBI;0;Нет
